Light,Occupancy
426,1
429.5,1
426,1
426,1
426,1
419,1
419,1
419,1
419,1
419,1
419,1
419,1
419,1
419,1
419,1
418.5,1
0,0
0,0
0,0
0,0
0,0
0,0
0,0
0,0
0,0
0,0
0,0
0,0
0,0
0,0
0,0
0,0
0,0
0,0
0,0
0,0
0,0
0,0
0,0
0,0
0,0
0,0
0,0
0,0
0,0
0,0
0,0
0,0
0,0
0,0
0,0
0,0
0,0
0,0
0,0
0,0
0,0
0,0
0,0
0,0
0,0
0,0
0,0
0,0
0,0
0,0
0,0
0,0
0,0
0,0
0,0
0,0
0,0
0,0
0,0
0,0
0,0
0,0
0,0
0,0
0,0
0,0
0,0
0,0
0,0
0,0
0,0
0,0
0,0
0,0
0,0
0,0
0,0
0,0
0,0
0,0
0,0
0,0
0,0
0,0
0,0
0,0
0,0
0,0
0,0
0,0
0,0
0,0
0,0
0,0
0,0
0,0
0,0
0,0
0,0
0,0
0,0
0,0
0,0
0,0
0,0
0,0
0,0
0,0
0,0
0,0
0,0
0,0
0,0
0,0
0,0
0,0
0,0
0,0
0,0
0,0
0,0
0,0
0,0
0,0
0,0
0,0
0,0
0,0
0,0
0,0
0,0
0,0
0,0
0,0
0,0
0,0
0,0
0,0
0,0
0,0
0,0
0,0
0,0
0,0
0,0
0,0
0,0
0,0
0,0
0,0
0,0
0,0
0,0
0,0
0,0
0,0
0,0
0,0
0,0
0,0
0,0
0,0
0,0
0,0
0,0
0,0
0,0
0,0
0,0
0,0
0,0
0,0
0,0
0,0
0,0
0,0
0,0
0,0
0,0
0,0
0,0
0,0
0,0
0,0
0,0
0,0
0,0
0,0
0,0
0,0
0,0
0,0
0,0
0,0
0,0
0,0
0,0
0,0
0,0
0,0
0,0
0,0
0,0
0,0
0,0
0,0
0,0
0,0
0,0
0,0
0,0
0,0
0,0
0,0
0,0
0,0
0,0
0,0
0,0
0,0
0,0
0,0
0,0
0,0
0,0
0,0
0,0
0,0
0,0
0,0
0,0
0,0
0,0
0,0
0,0
0,0
0,0
0,0
0,0
0,0
0,0
0,0
0,0
0,0
0,0
0,0
0,0
0,0
0,0
0,0
0,0
0,0
0,0
0,0
0,0
0,0
0,0
0,0
0,0
0,0
0,0
0,0
0,0
0,0
0,0
0,0
0,0
0,0
0,0
0,0
0,0
0,0
0,0
0,0
0,0
0,0
0,0
0,0
0,0
0,0
0,0
0,0
0,0
0,0
0,0
0,0
0,0
0,0
0,0
0,0
0,0
0,0
0,0
0,0
0,0
0,0
0,0
0,0
0,0
0,0
0,0
0,0
0,0
0,0
0,0
0,0
0,0
0,0
0,0
0,0
0,0
0,0
0,0
0,0
0,0
0,0
0,0
0,0
0,0
0,0
0,0
0,0
0,0
0,0
0,0
0,0
0,0
0,0
0,0
0,0
0,0
0,0
0,0
0,0
0,0
0,0
0,0
0,0
0,0
0,0
0,0
0,0
0,0
0,0
0,0
0,0
0,0
0,0
0,0
0,0
0,0
0,0
0,0
0,0
0,0
0,0
0,0
0,0
0,0
0,0
0,0
0,0
0,0
0,0
0,0
0,0
0,0
0,0
0,0
0,0
0,0
0,0
0,0
0,0
0,0
0,0
0,0
0,0
0,0
0,0
0,0
0,0
0,0
0,0
0,0
0,0
0,0
0,0
0,0
0,0
0,0
0,0
0,0
0,0
0,0
0,0
0,0
0,0
0,0
0,0
0,0
0,0
0,0
0,0
0,0
0,0
0,0
0,0
0,0
0,0
0,0
0,0
0,0
0,0
0,0
0,0
0,0
0,0
0,0
0,0
0,0
0,0
0,0
0,0
0,0
0,0
0,0
0,0
0,0
0,0
0,0
0,0
0,0
0,0
0,0
0,0
0,0
0,0
0,0
0,0
0,0
0,0
0,0
0,0
0,0
0,0
0,0
0,0
0,0
0,0
0,0
0,0
0,0
0,0
0,0
0,0
0,0
0,0
0,0
0,0
0,0
0,0
0,0
0,0
0,0
0,0
0,0
0,0
0,0
0,0
0,0
0,0
0,0
0,0
0,0
0,0
0,0
0,0
0,0
0,0
0,0
0,0
0,0
0,0
0,0
0,0
0,0
0,0
0,0
0,0
0,0
0,0
0,0
0,0
0,0
0,0
0,0
0,0
0,0
0,0
0,0
0,0
0,0
0,0
0,0
0,0
0,0
0,0
0,0
0,0
0,0
0,0
0,0
0,0
0,0
0,0
0,0
0,0
0,0
0,0
0,0
0,0
0,0
0,0
0,0
0,0
0,0
0,0
0,0
0,0
0,0
0,0
0,0
0,0
0,0
0,0
0,0
0,0
0,0
0,0
0,0
0,0
0,0
0,0
0,0
0,0
0,0
0,0
0,0
0,0
0,0
0,0
0,0
0,0
0,0
0,0
0,0
0,0
0,0
0,0
0,0
0,0
0,0
0,0
0,0
0,0
0,0
0,0
0,0
0,0
0,0
0,0
0,0
0,0
0,0
0,0
0,0
0,0
0,0
0,0
0,0
0,0
0,0
0,0
0,0
0,0
0,0
0,0
0,0
0,0
0,0
0,0
0,0
0,0
0,0
0,0
0,0
0,0
0,0
0,0
0,0
0,0
0,0
0,0
0,0
0,0
0,0
0,0
0,0
0,0
0,0
0,0
0,0
0,0
0,0
0,0
0,0
0,0
0,0
0,0
0,0
0,0
0,0
0,0
0,0
0,0
0,0
0,0
0,0
0,0
0,0
0,0
0,0
0,0
0,0
0,0
0,0
0,0
0,0
0,0
0,0
0,0
0,0
0,0
0,0
0,0
0,0
0,0
0,0
0,0
0,0
0,0
0,0
0,0
0,0
0,0
0,0
0,0
0,0
0,0
0,0
0,0
0,0
0,0
0,0
0,0
0,0
0,0
0,0
0,0
0,0
0,0
0,0
0,0
0,0
0,0
0,0
0,0
0,0
0,0
0,0
0,0
0,0
0,0
0,0
0,0
0,0
0,0
0,0
0,0
0,0
0,0
0,0
0,0
0,0
0,0
0,0
0,0
0,0
0,0
0,0
0,0
0,0
0,0
0,0
0,0
0,0
0,0
0,0
0,0
0,0
0,0
0,0
0,0
0,0
0,0
0,0
0,0
0,0
0,0
0,0
0,0
0,0
0,0
0,0
0,0
0,0
0,0
0,0
0,0
0,0
0,0
0,0
0,0
0,0
0,0
0,0
0,0
0,0
0,0
0,0
0,0
0,0
0,0
0,0
0,0
0,0
0,0
0,0
0,0
0,0
0,0
0,0
0,0
0,0
0,0
0,0
0,0
0,0
0,0
0,0
0,0
0,0
0,0
0,0
0,0
0,0
0,0
0,0
0,0
0,0
0,0
0,0
0,0
0,0
0,0
0,0
0,0
0,0
0,0
0,0
0,0
0,0
0,0
0,0
0,0
0,0
0,0
0,0
0,0
0,0
0,0
0,0
0,0
0,0
0,0
0,0
0,0
0,0
0,0
0,0
0,0
0,0
0,0
0,0
0,0
0,0
0,0
0,0
0,0
0,0
356,1
426,0
423.6666667,0
423.6666667,0
419,1
419,1
419,1
411,1
411,1
411,1
408.3333333,1
400,1
396,1
396,1
396,1
396,1
398.3333333,1
399.5,1
413,1
411,1
411,1
411,1
412.2,1
405,1
405,1
405,1
405,1
405,1
412,1
419,1
419,1
419,1
419,1
419,1
419,1
419,1
419,1
419,1
419,1
419,1
419,1
419,1
423.6666667,1
422.5,1
422.5,0
419,1
428.3333333,1
424.6,1
426,1
429.5,1
419,1
426,1
419,1
433,1
433,1
433,1
433,1
433,1
433,1
433,1
433,1
426.6666667,1
436.3333333,1
429,1
429,1
429,1
434,1
444,1
444,1
444,1
441.75,1
446,1
439,1
446.5,1
446,1
451.5,1
455.25,1
447.3333333,1
444,1
455.6666667,1
454,1
457.3333333,1
454,1
465.6666667,1
465.5,1
469.6666667,1
478.5,1
471.25,1
473,1
484.5,1
482.5,1
487.5,1
490,1
492,1
497.25,1
495.5,1
495.5,1
497,1
497,1
495.5,1
494,1
498.6666667,1
504.25,1
506,1
505.75,1
505.5,1
518.5,1
508.5,1
503.6666667,1
496.3333333,1
503,1
506,1
489.5,1
478,1
478,1
483.25,1
484,1
476,1
486.5,1
476.25,1
469,1
459,1
459,1
459,1
460.25,1
446.5,1
466.5,1
450.25,1
439,1
450.25,1
454,1
450.25,1
454,1
454,1
454,1
457.75,1
462.3333333,1
454,1
456.5,1
454,1
461.5,1
444,1
449.5,1
449.5,1
449.5,1
460,1
453,1
449.5,1
449.5,1
460,1
453,1
454.75,1
449.5,1
449.5,1
449.5,1
449.5,1
455.5,1
454,1
454,1
469,1
469,1
464,1
469,1
469,1
459,0
459,0
469,0
469,0
469,1
469,1
469,1
469,1
469,1
464,1
454,1
454,1
454,1
461.5,1
461.5,1
464,1
459,1
469,1
461.5,1
454,1
454,1
454,1
454,1
454,1
454,1
454,1
439,1
444.25,1
453,1
450.25,1
454,1
454,1
469,1
463,1
471,1
464,1
464,1
464,1
474,1
479,1
465.25,1
469,1
464,1
466.75,1
465.6666667,1
464,1
459,1
454,1
454,1
454,1
454,1
450.25,1
442.75,1
439,1
439,1
449.5,1
454.75,1
448,1
444,1
444,1
444,1
454.6666667,1
460,1
460,1
449.3333333,1
444,1
444,1
444,1
440.25,1
444,1
454.6666667,1
449.5,1
454,1
454,1
454,1
457.75,1
454,1
454,1
454,1
454,1
454,1
449.5,1
460,1
444,1
444,1
444,1
444,1
444,1
444,1
444,1
444,1
444,1
460,1
460,1
454.75,1
460,1
458.5,1
461.5,1
464,1
465.6666667,1
481.5,1
474,1
486.5,1
471.5,1
474,1
481.5,1
489,1
504,1
502.3333333,1
524,1
550,1
554.2,1
562.3333333,1
568.5,1
606.5,1
696.5,1
657.25,1
744,1
708.75,1
607,1
660,1
688.5,1
558,1
661.3333333,1
665.5,1
647.6666667,1
638,1
558,1
534,1
520,1
513.5,1
531.25,0
539,0
545.75,0
604.75,0
597.25,0
528,0
521,0
535.6666667,0
533.25,0
523.75,0
524,0
521,1
536.25,1
548.3333333,1
565.75,1
584.5,1
535,1
546.3333333,1
630.5,1
570.6666667,1
630,1
732.75,1
686.25,1
635.5,0
676,0
567.25,0
582.5,0
618.75,0
579.25,0
590.3333333,0
584.5,0
564,0
534,1
496.5,1
340.6666667,1
38.75,0
31,0
26.75,0
22,0
13,0
31,0
32.66666667,0
33.5,0
28,0
31,0
33.5,0
31,0
31,0
33.5,0
33.5,0
28.66666667,0
46,0
53,0
71.5,0
103,0
91.66666667,0
90,0
81.66666667,0
112.75,0
334.3333333,1
472.25,1
503.5,0
567.5,0
569.25,0
490.6666667,0
487.3333333,0
500,0
524,0
545.3333333,0
520.6,0
509,0
476.5,0
471.5,0
464,0
464,0
459,0
459,0
454.75,0
444,0
456,0
461,0
461.5,0
464,0
476.5,0
489,0
489,0
484,1
454,1
451,0
449.5,0
449.5,0
453,0
451.75,0
459,0
459,0
464,0
454,0
454,0
448,0
453,1
444,1
444,1
444,1
441.9,1
439.8,1
442.5,1
447,1
443.5,1
441,1
438,1
438,1
438,1
447,1
441,1
438,1
441,1
438,1
429,1
429,1
438,1
441,1
438,1
429,1
444,1
451,1
454,1
465.25,1
474.5,1
479,1
525.5,1
515,1
494,1
487.3333333,1
474.5,1
486,1
502.3333333,1
540.5,1
504,1
489,1
490.25,1
536.3333333,1
532,1
543,1
543,1
543,1
533.25,1
527,1
534,1
530,1
524,1
526.25,1
522,1
517,1
513.5,1
524,1
513.5,1
513.5,1
513.5,1
518,1
520.75,1
525,1
524.8333333,1
524.6666667,1
489,1
474,1
474,1
472.75,1
471.5,1
464,1
469,1
465.25,1
454,1
450.25,1
449.5,1
454.75,1
449.5,1
454.75,1
454.75,1
460,1
460,1
436.5,1
460,1
449.5,1
460.75,1
461,1
454,1
469,1
469,1
479.6666667,1
476.75,1
476.5,1
474,1
481.5,1
474,1
479,1
469,1
474,1
469,1
474,1
479,1
478.5,1
478.5,1
477,1
470.25,1
469,1
460.6666667,1
465.25,1
452.3333333,1
446.5,1
449.5,1
460,1
456,1
456,1
444,1
444,1
454.75,1
453,1
449.5,1
449.5,1
456,1
449.3333333,1
444,1
444,1
444,1
444,1
444,1
444,1
429,1
429,1
429,1
429,1
438,1
441,1
438,1
438,1
441,1
438,1
432.75,1
444,1
444,1
444,1
444,1
444,1
444,1
429,1
435,1
438,1
438,1
441,1
441,1
438,1
438,1
441,1
438,1
447,1
447,1
447,1
438,1
438,1
438,1
441,1
438,1
442.5,1
438,1
438,1
442.5,1
441,1
447,1
438,1
447,1
447,1
433,1
433,1
433,1
433,1
433,1
433,1
433,1
433,1
433,1
433,1
433,1
433,1
433,1
433,1
433,1
433,1
433,1
433,1
433,1
433,1
433,1
433,1
433,1
433,1
433,1
433,1
433,1
433,1
433,1
433,1
433,1
433,1
429.5,1
433,1
433,1
433,1
433,1
433,1
433,1
433,1
433,1
433,1
433,1
433,1
433,1
433,1
433,1
433,1
433,1
433,1
433,1
433,1
433,1
433,1
433,1
433,1
433,1
433,1
433,1
426,1
213,1
0,0
0,0
0,0
0,0
0,0
0,0
0,0
0,0
0,0
0,0
0,0
0,0
0,0
0,0
0,0
0,0
0,0
0,0
0,0
0,0
0,0
0,0
0,0
0,0
0,0
0,0
0,0
0,0
0,0
0,0
0,0
0,0
0,0
0,0
0,0
0,0
0,0
0,0
0,0
0,0
0,0
0,0
0,0
0,0
0,0
0,0
0,0
0,0
0,0
0,0
0,0
0,0
0,0
0,0
0,0
0,0
0,0
0,0
0,0
0,0
0,0
0,0
0,0
0,0
0,0
0,0
0,0
0,0
0,0
0,0
0,0
0,0
0,0
0,0
0,0
0,0
0,0
0,0
0,0
0,0
0,0
0,0
0,0
0,0
0,0
0,0
0,0
0,0
0,0
0,0
0,0
0,0
0,0
0,0
0,0
0,0
0,0
0,0
0,0
0,0
0,0
0,0
0,0
0,0
0,0
0,0
0,0
0,0
0,0
0,0
0,0
0,0
0,0
0,0
0,0
0,0
0,0
0,0
0,0
0,0
0,0
0,0
0,0
0,0
0,0
0,0
0,0
0,0
0,0
0,0
0,0
0,0
0,0
0,0
0,0
0,0
0,0
0,0
0,0
0,0
0,0
0,0
0,0
0,0
0,0
0,0
0,0
0,0
0,0
0,0
0,0
0,0
0,0
0,0
0,0
0,0
0,0
0,0
0,0
0,0
0,0
0,0
0,0
0,0
0,0
0,0
0,0
0,0
0,0
0,0
0,0
0,0
0,0
0,0
0,0
0,0
0,0
0,0
0,0
0,0
0,0
0,0
0,0
0,0
0,0
0,0
0,0
0,0
0,0
0,0
0,0
0,0
0,0
0,0
0,0
0,0
0,0
0,0
0,0
0,0
0,0
0,0
0,0
0,0
0,0
0,0
0,0
0,0
0,0
0,0
0,0
0,0
0,0
0,0
0,0
0,0
0,0
0,0
0,0
0,0
0,0
0,0
0,0
0,0
0,0
0,0
0,0
0,0
0,0
0,0
0,0
0,0
0,0
0,0
0,0
0,0
0,0
0,0
0,0
0,0
0,0
0,0
0,0
0,0
0,0
0,0
0,0
0,0
0,0
0,0
0,0
0,0
0,0
0,0
0,0
0,0
0,0
0,0
0,0
0,0
0,0
0,0
0,0
0,0
0,0
0,0
0,0
0,0
0,0
0,0
0,0
0,0
0,0
0,0
0,0
0,0
0,0
0,0
0,0
0,0
0,0
0,0
0,0
0,0
0,0
0,0
0,0
0,0
0,0
0,0
0,0
0,0
0,0
0,0
0,0
0,0
0,0
0,0
0,0
0,0
0,0
0,0
0,0
0,0
0,0
0,0
0,0
0,0
0,0
0,0
0,0
0,0
0,0
0,0
0,0
0,0
0,0
0,0
0,0
0,0
0,0
0,0
0,0
0,0
0,0
0,0
0,0
0,0
0,0
0,0
0,0
0,0
0,0
0,0
0,0
0,0
0,0
0,0
0,0
0,0
0,0
0,0
0,0
0,0
0,0
0,0
0,0
0,0
0,0
0,0
0,0
0,0
0,0
0,0
0,0
0,0
0,0
0,0
0,0
0,0
0,0
0,0
0,0
0,0
0,0
0,0
0,0
0,0
0,0
0,0
0,0
0,0
0,0
0,0
0,0
0,0
0,0
0,0
0,0
0,0
0,0
0,0
0,0
0,0
0,0
0,0
0,0
0,0
0,0
0,0
0,0
0,0
0,0
0,0
0,0
0,0
0,0
0,0
0,0
0,0
0,0
0,0
0,0
0,0
0,0
0,0
0,0
0,0
0,0
0,0
0,0
0,0
0,0
0,0
0,0
0,0
0,0
0,0
0,0
0,0
0,0
0,0
0,0
0,0
0,0
0,0
0,0
0,0
0,0
0,0
0,0
0,0
0,0
0,0
0,0
0,0
0,0
0,0
0,0
0,0
0,0
0,0
0,0
0,0
0,0
0,0
0,0
0,0
0,0
0,0
0,0
0,0
0,0
0,0
0,0
0,0
0,0
0,0
0,0
0,0
0,0
0,0
0,0
0,0
0,0
0,0
0,0
0,0
0,0
0,0
0,0
0,0
0,0
0,0
0,0
0,0
0,0
0,0
0,0
0,0
0,0
0,0
0,0
0,0
0,0
0,0
0,0
0,0
0,0
0,0
0,0
0,0
0,0
0,0
0,0
0,0
0,0
0,0
0,0
0,0
0,0
0,0
0,0
0,0
0,0
0,0
0,0
0,0
0,0
0,0
0,0
0,0
0,0
0,0
0,0
0,0
0,0
0,0
0,0
0,0
0,0
0,0
0,0
0,0
0,0
0,0
0,0
0,0
0,0
0,0
0,0
0,0
0,0
0,0
0,0
0,0
0,0
0,0
0,0
0,0
0,0
0,0
0,0
0,0
0,0
0,0
0,0
0,0
0,0
0,0
0,0
0,0
0,0
0,0
0,0
0,0
0,0
0,0
0,0
0,0
0,0
0,0
0,0
0,0
0,0
0,0
0,0
0,0
0,0
0,0
0,0
0,0
0,0
0,0
0,0
0,0
0,0
0,0
0,0
0,0
0,0
0,0
0,0
0,0
0,0
0,0
0,0
0,0
0,0
0,0
0,0
0,0
0,0
0,0
0,0
0,0
0,0
0,0
0,0
0,0
0,0
0,0
0,0
0,0
0,0
0,0
0,0
0,0
0,0
0,0
0,0
0,0
0,0
0,0
0,0
0,0
0,0
0,0
0,0
0,0
0,0
0,0
0,0
0,0
0,0
0,0
0,0
0,0
0,0
0,0
0,0
0,0
0,0
0,0
0,0
0,0
0,0
0,0
0,0
0,0
0,0
0,0
0,0
0,0
0,0
0,0
0,0
0,0
0,0
0,0
0,0
0,0
0,0
0,0
0,0
0,0
0,0
0,0
0,0
0,0
0,0
0,0
0,0
0,0
0,0
0,0
0,0
0,0
0,0
0,0
0,0
0,0
0,0
0,0
0,0
0,0
0,0
0,0
0,0
0,0
0,0
0,0
0,0
0,0
0,0
0,0
0,0
0,0
0,0
0,0
0,0
0,0
0,0
0,0
0,0
0,0
0,0
0,0
0,0
0,0
0,0
0,0
0,0
0,0
0,0
0,0
0,0
0,0
0,0
0,0
0,0
0,0
0,0
0,0
0,0
0,0
0,0
0,0
0,0
0,0
0,0
0,0
0,0
0,0
0,0
0,0
0,0
0,0
0,0
0,0
0,0
0,0
0,0
0,0
0,0
0,0
0,0
0,0
0,0
0,0
0,0
0,0
0,0
0,0
0,0
0,0
0,0
0,0
0,0
0,0
0,0
0,0
0,0
0,0
0,0
0,0
0,0
0,0
0,0
0,0
0,0
0,0
0,0
0,0
0,0
0,0
0,0
0,0
0,0
0,0
0,0
0,0
0,0
0,0
0,0
0,0
0,0
0,0
0,0
0,0
0,0
0,0
0,0
0,0
0,0
0,0
0,0
0,0
0,0
0,0
0,0
0,0
0,0
0,0
0,0
0,0
0,0
0,0
0,0
0,0
0,0
0,0
0,0
0,0
0,0
0,0
0,0
0,0
0,0
0,0
0,0
0,0
0,0
0,0
0,0
260.3333333,0
401.3333333,1
433,0
422.5,0
419,0
419,0
419,0
419,1
409,0
411,0
411,1
411,1
411,1
411,1
407.5,1
400,1
400,1
413,1
412.2,1
409,1
411,1
413,1
411,1
411,1
405,1
409,1
405,1
408.5,1
418.3333333,1
419,1
419,1
419,1
419,1
419,1
419,1
419,1
419,1
419,1
419,1
419,1
419,1
419,1
426,1
423.6666667,1
426,1
422.5,1
426,1
419,1
428.3333333,1
429.5,1
429.5,1
433,1
433,1
433,1
433,1
433,1
433,1
433,1
433,1
433,1
433,1
433,1
433,1
433,1
433,1
433,1
433,1
433,1
433,1
433,1
433,1
433,1
433,1
433,1
433,1
433,1
433,1
433,1
433,1
433,1
433,1
433,1
433,1
436.5,1
426,1
433,1
433,1
442.3333333,1
435.8,1
447,1
442.3333333,1
443.5,1
447,1
447,1
447,1
438,1
441,1
438,1
438,1
438,1
440,1
437.25,1
438,1
440.25,1
436.5,1
441,1
436.5,1
444,1
444,1
444,1
444,1
444,1
448,1
444,1
454.75,1
454.75,1
460,1
449.5,1
449.5,1
454.75,1
449.3333333,1
460,1
456,1
460,1
449.5,1
453,1
460,1
460,1
460,1
450.75,1
454.6666667,1
444,1
444,1
454.6666667,1
460,1
452,1
456,1
460,1
460,1
460,1
449.5,1
460,1
449.5,1
449.5,1
460,1
455.5,1
457,1
449.5,1
454.75,1
460,1
460,1
460,1
460,1
454.75,1
453,1
449.5,1
454.75,1
457,1
454,1
464,1
461.5,1
449.5,1
449.5,1
454,1
455.5,1
468,1
454,1
454,1
469,1
469,1
469,1
465.25,1
475.25,1
464,1
459,1
468.2,1
474,1
492.3333333,1
474,1
480.25,1
504,1
539.5,1
509,1
528.5,1
499,1
497.75,1
500.25,1
489,1
490.25,1
494,1
485.6666667,1
481.5,1
484,1
482.75,1
477.3333333,1
477.3333333,1
485.25,1
485.25,1
482.75,1
464,1
479,1
476.75,1
476,1
480,1
479,1
479,1
485.25,1
489,1
489,1
471.5,1
471,1
487.75,1
467.6666667,1
469.25,1
462.3333333,1
462.75,1
462.75,1
472.3333333,1
485,1
479,1
471.5,1
464,1
475.25,1
479,1
464,1
469,1
467.75,1
481.5,1
479,1
479,1
490.6666667,1
502.75,1
490.25,0
479,0
474,0
492.75,0
507,1
484,1
467.75,1
464,1
469,1
464,1
471,1
462.75,1
481.5,1
479,1
469.25,1
469,1
469,1
457.75,1
460.6666667,1
465.5,1
474.3333333,1
477.75,1
487.75,1
492.3333333,1
490.25,1
484,1
480.6666667,1
491.5,1
501.5,1
494,1
494,1
479,1
506,1
514,1
513.75,1
514,1
494,1
514,1
507.3333333,1
567.5,1
512.75,1
528.5,1
541.5,1
533.75,1
504,1
494,1
496.5,1
496.5,1
504,1
489,1
489,1
518.6666667,1
489,1
486.5,1
471.5,1
474,1
484,1
479,1
479,1
479,1
484,1
486.5,1
499,1
511.5,1
521.5,1
504,1
489,1
500.6666667,1
511,1
500.25,1
494,1
497.3333333,1
495.6666667,1
492,1
509,1
509,1
495.25,1
499,1
489,1
481.25,1
489,1
377.75,1
44,0
60.25,0
60.75,0
57,0
67,0
66.5,0
53,0
58.33333333,0
61.5,0
48.5,0
62.5,0
68.75,0
47,0
54.5,0
50,0
50,0
52.33333333,0
57,0
81.25,0
50,0
51.75,0
58.33333333,0
131.3333333,0
293.5,1
440,1
483.75,1
492.75,1
499,1
489,1
479,1
486.5,1
489,1
490.25,1
486.5,1
495,1
480.6666667,1
485.25,1
494,1
500.6666667,1
508.5,1
508.5,1
500.25,1
507.5,1
516.5,1
536.5,1
514,1
516.25,1
546,0
573,0
560.75,0
524,0
537,0
548.75,0
541.5,1
549.4,1
509,1
523.75,1
559.5,1
549.25,1
525.3333333,1
535.5,1
545.5,1
551,1
586,1
581.75,1
557.6666667,1
571,1
555.5,1
525.25,1
543.75,1
563.5,1
551.6666667,1
531,1
553.3333333,1
531.5,1
546.5,1
524,1
509,1
537.6666667,1
524,1
543.25,1
534.6666667,1
526,1
522,1
549.5,1
547.75,1
552.3333333,1
551,1
538.3333333,1
555.25,1
570,1
570,1
535.5,1
559.3333333,1
566,1
557.25,1
562,1
566.25,1
567.6666667,1
562,1
562,1
554.3333333,1
556.75,1
555,1
543.6666667,1
547,1
539,1
539,1
539,1
538,1
541.75,1
530.5,1
534.25,1
519,1
526.75,1
512,1
513.5,1
498.6666667,1
528,1
528,1
513,1
523.5,1
523.5,1
526,1
523.5,1
528.75,1
528.75,1
528.6666667,1
518,1
518,1
518,1
513.5,1
513.5,1
518.75,1
519,1
509,1
509,1
512.75,1
509,1
509,1
508.75,1
514,1
514,1
509,1
499,1
499,1
499,1
499,1
496.5,1
499,1
490.6666667,1
504,1
500.25,1
499,1
496.5,1
489,1
489,1
489,1
481.5,1
484,1
487.3333333,1
484,1
487.3333333,1
484,1
494,1
494,1
490.25,1
479,1
486.5,1
479,1
479,1
479,1
479,1
479,1
479,1
479,1
475.25,1
471.5,1
464,1
467.75,1
474.5,1
474.5,1
478,1
474.5,1
474.5,1
478,1
478.3,1
478.6,1
477,1
473,1
469,1
469,1
469,1
469,1
469,1
469,1
469,1
469,1
469,1
469,1
469,1
469,1
469,1
469,1
469,1
469,1
469,1
461.5,1
454,1
454,1
454,1
454,1
459.25,1
468,1
464.5,1
468,1
464.5,1
464.5,1
468,1
457,1
464.5,1
453.25,1
453,1
454.75,1
460,1
460,1
460,1
460,1
460,1
460,1
460,1
460,1
460,1
460,1
460,1
460,1
460,1
444,1
449.3333333,1
444,1
444,1
444,1
444,1
444,1
444,1
444,1
444,1
444,1
444,1
444,1
444,1
444,1
444,1
447.4,1
450.6666667,1
449,1
438,1
438,1
438,1
441,1
437.25,1
436.5,1
429,1
432.75,1
438,1
438,1
438,1
438,1
441,1
438,1
438,1
447,1
447,1
447,1
441.4,1
447,1
443.5,1
433,1
433,1
433,1
433,1
433,1
433,1
433,1
433,1
433,1
433,1
433,1
433,1
433,1
433,1
433,1
433,1
433,1
433,1
433,1
433,1
433,1
433,1
433,1
433,1
433,1
433,1
433,1
433,1
433,1
433,1
433,1
433,1
433,1
433,1
433,1
426,1
0,0
0,0
0,0
0,0
0,0
0,0
0,0
0,0
0,0
0,0
0,0
0,0
0,0
0,0
0,0
0,0
0,0
0,0
0,0
0,0
0,0
0,0
0,0
0,0
0,0
0,0
0,0
0,0
0,0
0,0
0,0
0,0
0,0
0,0
0,0
0,0
0,0
0,0
0,0
0,0
0,0
0,0
0,0
0,0
0,0
0,0
0,0
0,0
0,0
0,0
0,0
0,0
0,0
0,0
0,0
0,0
0,0
0,0
0,0
0,0
0,0
0,0
0,0
0,0
0,0
0,0
0,0
0,0
0,0
0,0
0,0
0,0
0,0
0,0
0,0
0,0
0,0
0,0
0,0
0,0
0,0
0,0
0,0
0,0
0,0
0,0
0,0
0,0
0,0
0,0
0,0
0,0
0,0
0,0
0,0
0,0
0,0
0,0
0,0
0,0
0,0
0,0
0,0
0,0
0,0
0,0
0,0
0,0
0,0
0,0
0,0
0,0
0,0
0,0
0,0
0,0
0,0
0,0
0,0
0,0
0,0
0,0
0,0
0,0
0,0
0,0
0,0
0,0
0,0
0,0
0,0
0,0
0,0
0,0
0,0
0,0
0,0
0,0
0,0
0,0
0,0
0,0
0,0
0,0
0,0
0,0
0,0
0,0
0,0
0,0
0,0
0,0
0,0
0,0
0,0
0,0
0,0
0,0
0,0
0,0
0,0
0,0
0,0
0,0
0,0
0,0
0,0
0,0
0,0
0,0
0,0
0,0
0,0
0,0
0,0
0,0
0,0
0,0
0,0
0,0
0,0
0,0
0,0
0,0
0,0
0,0
0,0
0,0
0,0
0,0
0,0
0,0
0,0
0,0
0,0
0,0
0,0
0,0
0,0
0,0
0,0
0,0
0,0
0,0
0,0
0,0
0,0
0,0
0,0
0,0
0,0
0,0
0,0
0,0
0,0
0,0
0,0
0,0
0,0
0,0
0,0
0,0
0,0
0,0
0,0
0,0
0,0
0,0
0,0
0,0
0,0
0,0
0,0
0,0
0,0
0,0
0,0
0,0
0,0
0,0
0,0
0,0
0,0
0,0
0,0
0,0
0,0
0,0
0,0
0,0
0,0
0,0
0,0
0,0
0,0
0,0
0,0
0,0
0,0
0,0
0,0
0,0
0,0
0,0
0,0
0,0
0,0
0,0
0,0
0,0
0,0
0,0
0,0
0,0
0,0
0,0
0,0
0,0
0,0
0,0
0,0
0,0
0,0
0,0
0,0
0,0
0,0
0,0
0,0
0,0
0,0
0,0
0,0
0,0
0,0
0,0
0,0
0,0
0,0
0,0
0,0
0,0
0,0
0,0
0,0
0,0
0,0
0,0
0,0
0,0
0,0
0,0
0,0
0,0
0,0
0,0
0,0
0,0
0,0
0,0
0,0
0,0
0,0
0,0
0,0
0,0
0,0
0,0
0,0
0,0
0,0
0,0
0,0
0,0
0,0
0,0
0,0
0,0
0,0
0,0
0,0
0,0
0,0
0,0
0,0
0,0
0,0
0,0
0,0
0,0
0,0
0,0
0,0
0,0
0,0
0,0
0,0
0,0
0,0
0,0
0,0
0,0
0,0
0,0
0,0
0,0
0,0
0,0
0,0
0,0
0,0
0,0
0,0
0,0
0,0
0,0
0,0
0,0
0,0
0,0
0,0
0,0
0,0
0,0
0,0
0,0
0,0
0,0
0,0
0,0
0,0
0,0
0,0
0,0
0,0
0,0
0,0
0,0
0,0
0,0
0,0
0,0
0,0
0,0
0,0
0,0
0,0
0,0
0,0
0,0
0,0
0,0
0,0
0,0
0,0
0,0
0,0
0,0
0,0
0,0
0,0
0,0
0,0
0,0
0,0
0,0
0,0
0,0
0,0
0,0
0,0
0,0
0,0
0,0
0,0
0,0
0,0
0,0
0,0
0,0
0,0
0,0
0,0
0,0
0,0
0,0
0,0
0,0
0,0
0,0
0,0
0,0
0,0
0,0
0,0
0,0
0,0
0,0
0,0
0,0
0,0
0,0
0,0
0,0
0,0
0,0
0,0
0,0
0,0
0,0
0,0
0,0
0,0
0,0
0,0
0,0
0,0
0,0
0,0
0,0
0,0
0,0
0,0
0,0
0,0
0,0
0,0
0,0
0,0
0,0
0,0
0,0
0,0
0,0
0,0
0,0
0,0
0,0
0,0
0,0
0,0
0,0
0,0
0,0
0,0
0,0
0,0
0,0
0,0
0,0
0,0
0,0
0,0
0,0
0,0
0,0
0,0
0,0
0,0
0,0
0,0
0,0
0,0
0,0
0,0
0,0
0,0
0,0
0,0
0,0
0,0
0,0
0,0
0,0
0,0
0,0
0,0
0,0
0,0
0,0
0,0
0,0
0,0
0,0
0,0
0,0
0,0
0,0
0,0
0,0
0,0
0,0
0,0
0,0
0,0
0,0
0,0
0,0
0,0
0,0
0,0
0,0
0,0
0,0
0,0
0,0
0,0
0,0
0,0
0,0
0,0
0,0
0,0
0,0
0,0
0,0
0,0
0,0
0,0
0,0
0,0
0,0
0,0
0,0
0,0
0,0
0,0
0,0
0,0
0,0
0,0
0,0
0,0
0,0
0,0
0,0
0,0
0,0
0,0
0,0
0,0
0,0
0,0
0,0
0,0
0,0
0,0
0,0
0,0
0,0
0,0
0,0
0,0
0,0
0,0
0,0
0,0
0,0
0,0
0,0
0,0
0,0
0,0
0,0
0,0
0,0
0,0
0,0
0,0
0,0
0,0
0,0
0,0
0,0
0,0
0,0
0,0
0,0
0,0
0,0
0,0
0,0
0,0
0,0
0,0
0,0
0,0
0,0
0,0
0,0
0,0
0,0
0,0
0,0
0,0
0,0
0,0
0,0
0,0
0,0
0,0
0,0
0,0
0,0
0,0
0,0
0,0
0,0
0,0
0,0
0,0
0,0
0,0
0,0
0,0
0,0
0,0
0,0
0,0
0,0
0,0
0,0
0,0
0,0
0,0
0,0
0,0
0,0
0,0
0,0
0,0
0,0
0,0
0,0
0,0
0,0
0,0
0,0
0,0
0,0
0,0
0,0
0,0
0,0
0,0
0,0
0,0
0,0
0,0
0,0
0,0
0,0
0,0
0,0
0,0
0,0
0,0
0,0
0,0
0,0
0,0
0,0
0,0
0,0
0,0
0,0
0,0
0,0
0,0
0,0
0,0
0,0
0,0
0,0
0,0
0,0
0,0
0,0
0,0
0,0
0,0
0,0
0,0
0,0
0,0
0,0
0,0
0,0
0,0
0,0
0,0
0,0
0,0
0,0
0,0
0,0
0,0
0,0
0,0
0,0
0,0
0,0
0,0
0,0
0,0
0,0
0,0
0,0
0,0
0,0
0,0
0,0
0,0
0,0
0,0
0,0
0,0
0,0
0,0
0,0
0,0
0,0
0,0
0,0
0,0
0,0
0,0
0,0
0,0
0,0
0,0
0,0
0,0
0,0
0,0
0,0
0,0
0,0
0,0
0,0
0,0
0,0
0,0
0,0
0,0
0,0
0,0
0,0
0,0
0,0
0,0
0,0
0,0
0,0
0,0
0,0
0,0
0,0
0,0
0,0
0,0
0,0
0,0
0,0
0,0
0,0
0,0
0,0
0,0
0,0
0,0
0,0
0,0
0,0
0,0
0,0
0,0
0,0
0,0
0,0
0,0
0,0
14,0
14,0
14,0
14,0
14,0
14,0
9.333333333,0
10.5,0
7,0
9.333333333,0
7,0
9.333333333,0
7,0
10,0
13.5,0
11.5,0
6,0
6,0
6,0
6,0
12,0
24,0
24,0
24,0
24,0
14,0
14,0
17.33333333,0
18.5,0
20.33333333,0
26.5,0
26.5,0
26.5,0
22,0
13,0
22,0
31,0
31,0
31,0
31,0
31,0
31,0
42.33333333,0
48,0
48,0
38.33333333,0
33.5,0
38.33333333,0
33.5,0
40.75,0
41.5,0
38.75,0
55,0
67.75,0
81.66666667,0
82.66666667,0
89.75,0
96,0
93.5,0
93.5,0
91.5,0
103,0
107.25,0
110,0
112,0
116,0
119.5,0
126.3333333,0
133,0
133,0
130.5,0
137.6666667,0
137.75,0
143.3333333,0
141.6,0
151.75,0
152,0
157,0
153,0
165.5,0
168,0
173.3333333,0
166.25,0
170.5,0
172.5,0
175.3333333,0
181.5,0
188.5,0
190,0
196.6666667,0
199,0
215,0
611.5,0
1546.333333,0
1451.75,0
829,0
251.25,0
205.5,0
220.75,0
224.6666667,0
205,0
219,0
212,0
230.25,0
241.3333333,0
204.3333333,0
183.25,0
229,0
206.5,0
204,0
257.25,0
257,0
257,0
253,0
270.3333333,0
269,0
265.5,0
270,0
271,0
258,0
267,0
270.3333333,0
258.75,0
269,0
262.5,0
275.3333333,0
271.25,0
288.25,0
291,0
287.25,0
283.3333333,0
290.5,0
290.25,0
303,0
300.5,0
297,0
300.5,0
307.6666667,0
306.75,0
305,0
304,0
305,0
317.3333333,0
300.5,0
324.75,0
314,0
316.75,0
327.5,0
311.3333333,0
328.5,0
327,0
324,0
329.3333333,0
330.25,0
321.25,0
334.75,0
333,0
334.75,0
345,0
335.3333333,0
336.5,0
342,0
335.3333333,0
288.75,0
351.3333333,0
348,0
351,0
351,0
351,0
355.5,0
333,0
337.5,0
350.25,0
347.5,0
352.3333333,0
350.4,0
357.5,0
353,0
344,0
350,0
337.75,0
333.5,0
338,0
353,0
342,0
351.5,0
350,0
362,0
355.75,0
342.5,0
353,0
344,0
357.5,0
353,0
334,0
331,0
346,0
341,0
331,0
354.25,0
349.75,0
364.5,0
356,0
349.75,0
357.3333333,0
354.25,0
357.3333333,0
336.3333333,0
359.75,0
358,0
355,0
349,0
358,0
349,0
352.6666667,0
345.5,0
347.25,0
360,0
360,0
343,0
343,0
343,0
344.3333333,0
339.5,0
339.5,0
357.5,0
354,0
334,0
334.5,0
336,0
334,0
352.25,0
338.3333333,0
340.5,0
333,0
337.2,0
336,0
334.5,0
342.75,0
342.75,0
341,0
341,0
318.5,0
337,0
314.6666667,0
298.75,0
312.25,0
321.5,0
317,0
319.75,0
310.75,0
313.5,0
313.5,0
310,0
310,0
310,0
308.75,0
308.75,0
318.3333333,0
312.3333333,0
308.5,0
317.5,0
308.5,0
306.75,0
321.25,0
305,0
315,0
310.5,0
297,0
297,0
310.5,0
310.5,0
303,0
312.6666667,0
291,0
288,0
291,0
301,0
292,0
302,0
293.5,0
302,0
285,0
285,0
285,0
283.25,0
288.6666667,0
278.75,0
279.75,0
283.25,0
271,0
268,0
268.25,0
266,0
270.25,0
268.5,0
272,0
274,0
265,0
265,0
267.3333333,0
243.75,0
265,0
263.5,0
262,0
260.5,0
252,0
259,0
250,0
241,0
248.25,0
261,0
252,0
243,0
239.75,0
241.3333333,0
232.5,0
224.75,0
221.6666667,0
199,0
206.25,0
186,0
189,0
189,0
189,0
181.5,0
198,0
180,0
193.5,0
188.5,0
202,0
187.5,0
205,0
201.5,0
193.75,0
171.75,0
157,0
139.3333333,0
164.6666667,0
150,0
149.6666667,0
154,0
160.6666667,0
143.25,0
151,0
153.3333333,0
157,0
144.75,0
115,0
131,0
140,0
167.6666667,0
168.75,0
176,0
163,0
170,0
163.25,0
151,0
140.6666667,0
138.5,0
142.5,0
139,0
158.5,0
157,0
148,0
139,0
139,0
151.75,0
142,0
126.5,0
120,0
123,0
121.5,0
117,0
126,0
124,0
123,0
138,0
116,0
122.75,0
128.25,0
126.5,0
119,0
110,0
125,0
116,0
119,0
116,0
107,0
107,0
118,0
100,0
100,0
100,0
100,0
99.5,0
87,0
87,0
105,0
105,0
90.5,0
97.75,0
93.25,0
87,0
87,0
87,0
70,0
89.33333333,0
91.75,0
81,0
81,0
76.5,0
63,0
82.33333333,0
77.5,0
77.5,0
78.5,0
74,0
74,0
74,0
69.75,0
57,0
69.75,0
68,0
68,0
64.4,0
62,0
68,0
68,0
50,0
57.25,0
64.5,0
64.5,0
52,0
54.5,0
62,0
62,0
44,0
51,0
62.66666667,0
58,0
44,0
44,0
44,0
51,0
53.75,0
45.33333333,0
47.75,0
55,0
55,0
50.5,0
37,0
37,0
37,0
37,0
37,0
37,0
37,0
37,0
37,0
43.75,0
33.5,0
38.33333333,0
33.5,0
33.5,0
48,0
33.5,0
40.75,0
48,0
48,0
48,0
42.33333333,0
39.5,0
40.75,0
32.25,0
36.5,0
31,0
37,0
19,0
31,0
31,0
22,0
19.75,0
26.5,0
19,0
24,0
24,0
24,0
24,0
24,0
24,0
24,0
24,0
24,0
24,0
12,0
6,0
6,0
6,0
6,0
6,0
6,0
11.5,0
13.5,0
10,0
9.333333333,0
9.333333333,0
7,0
7,0
7,0
10.5,0
14,0
14,0
10.5,0
14,0
14,0
14,0
14,0
14,0
14,0
14,0
14,0
14,0
14,0
14,0
14,0
14,0
14,0
14,0
4.666666667,0
0,0
0,0
0,0
0,0
0,0
0,0
0,0
0,0
0,0
0,0
0,0
0,0
0,0
0,0
0,0
0,0
0,0
0,0
0,0
0,0
0,0
0,0
0,0
0,0
0,0
0,0
0,0
0,0
0,0
0,0
0,0
0,0
0,0
0,0
0,0
0,0
0,0
0,0
0,0
0,0
0,0
0,0
0,0
0,0
0,0
0,0
0,0
0,0
0,0
0,0
0,0
0,0
0,0
0,0
0,0
0,0
0,0
0,0
0,0
0,0
0,0
0,0
0,0
0,0
0,0
0,0
0,0
0,0
0,0
0,0
0,0
0,0
0,0
0,0
0,0
0,0
0,0
0,0
0,0
0,0
0,0
0,0
0,0
0,0
0,0
0,0
0,0
0,0
0,0
0,0
0,0
0,0
0,0
0,0
0,0
0,0
0,0
0,0
0,0
0,0
0,0
0,0
0,0
0,0
0,0
0,0
0,0
0,0
0,0
0,0
0,0
0,0
0,0
0,0
0,0
0,0
0,0
0,0
0,0
0,0
0,0
0,0
0,0
0,0
0,0
0,0
0,0
0,0
0,0
0,0
0,0
0,0
0,0
0,0
0,0
0,0
0,0
0,0
0,0
0,0
0,0
0,0
0,0
0,0
0,0
0,0
0,0
0,0
0,0
0,0
0,0
0,0
0,0
0,0
0,0
0,0
0,0
0,0
0,0
0,0
0,0
0,0
0,0
0,0
0,0
0,0
0,0
0,0
0,0
0,0
0,0
0,0
0,0
0,0
0,0
0,0
0,0
0,0
0,0
0,0
0,0
0,0
0,0
0,0
0,0
0,0
0,0
0,0
0,0
0,0
0,0
0,0
0,0
0,0
0,0
0,0
0,0
0,0
0,0
0,0
0,0
0,0
0,0
0,0
0,0
0,0
0,0
0,0
0,0
0,0
0,0
0,0
0,0
0,0
0,0
0,0
0,0
0,0
0,0
0,0
0,0
0,0
0,0
0,0
0,0
0,0
0,0
0,0
0,0
0,0
0,0
0,0
0,0
0,0
0,0
0,0
0,0
0,0
0,0
0,0
0,0
0,0
0,0
0,0
0,0
0,0
0,0
0,0
0,0
0,0
0,0
0,0
0,0
0,0
0,0
0,0
0,0
0,0
0,0
0,0
0,0
0,0
0,0
0,0
0,0
0,0
0,0
0,0
0,0
0,0
0,0
0,0
0,0
0,0
0,0
0,0
0,0
0,0
0,0
0,0
0,0
0,0
0,0
0,0
0,0
0,0
0,0
0,0
0,0
0,0
0,0
0,0
0,0
0,0
0,0
0,0
0,0
0,0
0,0
0,0
0,0
0,0
0,0
0,0
0,0
0,0
0,0
0,0
0,0
0,0
0,0
0,0
0,0
0,0
0,0
0,0
0,0
0,0
0,0
0,0
0,0
0,0
0,0
0,0
0,0
0,0
0,0
0,0
0,0
0,0
0,0
0,0
0,0
0,0
0,0
0,0
0,0
0,0
0,0
0,0
0,0
0,0
0,0
0,0
0,0
0,0
0,0
0,0
0,0
0,0
0,0
0,0
0,0
0,0
0,0
0,0
0,0
0,0
0,0
0,0
0,0
0,0
0,0
0,0
0,0
0,0
0,0
0,0
0,0
0,0
0,0
0,0
0,0
0,0
0,0
0,0
0,0
0,0
0,0
0,0
0,0
0,0
0,0
0,0
0,0
0,0
0,0
0,0
0,0
0,0
0,0
0,0
0,0
0,0
0,0
0,0
0,0
0,0
0,0
0,0
0,0
0,0
0,0
0,0
0,0
0,0
0,0
0,0
0,0
0,0
0,0
0,0
0,0
0,0
0,0
0,0
0,0
0,0
0,0
0,0
0,0
0,0
0,0
0,0
0,0
0,0
0,0
0,0
0,0
0,0
0,0
0,0
0,0
0,0
0,0
0,0
0,0
0,0
0,0
0,0
0,0
0,0
0,0
0,0
0,0
0,0
0,0
0,0
0,0
0,0
0,0
0,0
0,0
0,0
0,0
0,0
0,0
0,0
0,0
0,0
0,0
0,0
0,0
0,0
0,0
0,0
0,0
0,0
0,0
0,0
0,0
0,0
0,0
0,0
0,0
0,0
0,0
0,0
0,0
0,0
0,0
0,0
0,0
0,0
0,0
0,0
0,0
0,0
0,0
0,0
0,0
0,0
0,0
0,0
0,0
0,0
0,0
0,0
0,0
0,0
0,0
0,0
0,0
0,0
0,0
0,0
0,0
0,0
0,0
0,0
0,0
0,0
0,0
0,0
0,0
0,0
0,0
0,0
0,0
0,0
0,0
0,0
0,0
0,0
0,0
0,0
0,0
0,0
0,0
0,0
0,0
0,0
0,0
0,0
0,0
0,0
0,0
0,0
0,0
0,0
0,0
0,0
0,0
0,0
0,0
0,0
0,0
0,0
0,0
0,0
0,0
0,0
0,0
0,0
0,0
0,0
0,0
0,0
0,0
0,0
0,0
0,0
0,0
0,0
0,0
0,0
0,0
0,0
0,0
0,0
0,0
0,0
0,0
0,0
0,0
0,0
0,0
0,0
0,0
0,0
0,0
0,0
0,0
0,0
0,0
0,0
0,0
0,0
0,0
0,0
0,0
0,0
0,0
0,0
0,0
0,0
0,0
0,0
0,0
0,0
0,0
0,0
0,0
0,0
0,0
0,0
0,0
0,0
0,0
0,0
0,0
0,0
0,0
0,0
0,0
0,0
0,0
0,0
0,0
0,0
0,0
0,0
0,0
0,0
0,0
0,0
0,0
0,0
0,0
0,0
0,0
0,0
0,0
0,0
0,0
0,0
0,0
0,0
0,0
0,0
0,0
0,0
0,0
0,0
0,0
0,0
0,0
0,0
0,0
0,0
0,0
0,0
0,0
0,0
0,0
0,0
0,0
0,0
0,0
0,0
0,0
0,0
0,0
0,0
0,0
0,0
0,0
0,0
0,0
0,0
0,0
0,0
0,0
0,0
0,0
0,0
0,0
0,0
0,0
0,0
0,0
0,0
0,0
0,0
0,0
0,0
0,0
0,0
0,0
0,0
0,0
0,0
0,0
0,0
0,0
0,0
0,0
0,0
0,0
0,0
0,0
0,0
0,0
0,0
0,0
0,0
0,0
0,0
0,0
0,0
0,0
0,0
0,0
0,0
0,0
0,0
0,0
0,0
0,0
0,0
0,0
0,0
0,0
0,0
0,0
0,0
0,0
0,0
0,0
0,0
0,0
0,0
0,0
0,0
0,0
0,0
0,0
0,0
0,0
0,0
0,0
0,0
0,0
0,0
0,0
0,0
0,0
0,0
0,0
0,0
0,0
0,0
0,0
0,0
0,0
0,0
0,0
0,0
0,0
0,0
0,0
0,0
0,0
0,0
0,0
0,0
0,0
0,0
0,0
0,0
0,0
0,0
0,0
0,0
0,0
0,0
0,0
0,0
0,0
0,0
0,0
0,0
0,0
0,0
0,0
0,0
0,0
0,0
0,0
0,0
0,0
0,0
0,0
0,0
0,0
0,0
0,0
0,0
0,0
0,0
0,0
0,0
0,0
0,0
0,0
0,0
0,0
0,0
0,0
0,0
0,0
0,0
0,0
0,0
0,0
0,0
0,0
0,0
0,0
0,0
0,0
0,0
0,0
0,0
0,0
0,0
0,0
0,0
0,0
0,0
0,0
0,0
0,0
0,0
0,0
0,0
0,0
0,0
0,0
0,0
0,0
0,0
0,0
0,0
0,0
0,0
0,0
0,0
0,0
0,0
0,0
0,0
0,0
0,0
0,0
0,0
0,0
0,0
0,0
0,0
0,0
0,0
0,0
0,0
0,0
0,0
0,0
0,0
0,0
0,0
0,0
0,0
0,0
0,0
0,0
0,0
0,0
0,0
0,0
0,0
0,0
0,0
0,0
0,0
0,0
0,0
0,0
0,0
0,0
0,0
0,0
0,0
0,0
0,0
0,0
0,0
0,0
0,0
0,0
0,0
0,0
0,0
0,0
0,0
0,0
0,0
0,0
0,0
0,0
0,0
0,0
0,0
0,0
0,0
0,0
7,0
14,0
14,0
14,0
14,0
14,0
14,0
14,0
14,0
14,0
14,0
14,0
7,0
9.333333333,0
8.5,0
10,0
17,0
20.66666667,0
11.5,0
6,0
6,0
9.6,0
10.5,0
6,0
6,0
6,0
6,0
6.5,0
9.333333333,0
9.333333333,0
7,0
14,0
14,0
14,0
14,0
14,0
14,0
14,0
14,0
14,0
14,0
14,0
9.333333333,0
12,0
12,0
18.5,0
29,0
36,0
30.5,0
40,0
46,0
35,0
25,0
32.25,0
28.75,0
19.5,0
6,0
6,0
6,0
11.5,0
10,0
9.333333333,0
7,0
7,0
13.5,0
20.66666667,0
17,0
17,0
6,0
6,0
24,0
22.8,0
13,0
28,0
29.33333333,0
30.75,0
36,0
75.5,0
97,0
147.5,0
166,0
149,0
146,0
167.5,0
118.25,0
42.25,0
37,0
34.25,0
26,0
43,0
28,0
29.25,0
25.5,0
16.6,0
31,0
20.33333333,0
14,0
14,0
24,0
24,0
24,0
24,0
24,0
24,0
24,0
19,0
31,0
13,0
13,0
26.5,0
26.5,0
26.5,0
26.5,0
17.33333333,0
24,0
24,0
24,0
24,0
24,0
24,0
17.33333333,0
14,0
17.33333333,0
18.5,0
17.33333333,0
19,0
24,0
24,0
24,0
24,0
24,0
24,0
24,0
24,0
24,0
24,0
24,0
24,0
24,0
12,0
6,0
6,0
6,0
6,0
6,0
6,0
6,0
24,0
24,0
24,0
14,0
17.33333333,0
22.5,0
26.5,0
19.75,0
13,0
19.75,0
31,0
26.5,0
31,0
26.5,0
22,0
26.5,0
31,0
31,0
19.75,0
19.75,0
31,0
31,0
26.5,0
20.25,0
14,0
19,0
24,0
15,0
6,0
6,0
6,0
17,0
17,0
13.5,0
7,0
16,0
10.5,0
25.25,0
25,0
22,0
22,0
31,0
18.5,0
18.5,0
17.33333333,0
14,0
14,0
17.33333333,0
19.75,0
13,0
13,0
22.5,0
24,0
24,0
6,0
6,0
13.5,0
9.333333333,0
12,0
15,0
18.5,0
26.5,0
31,0
26.5,0
31,0
16.25,0
24,0
24,0
24,0
17.33333333,0
18.5,0
22.5,0
31,0
13,0
13,0
31,0
31,0
25,0
39.33333333,0
53,0
65.66666667,0
67.25,0
116.75,0
112.5,0
201.5,0
102.6666667,0
85.75,0
81,0
81.5,0
93.66666667,0
106,0
74,0
79.5,0
110,0
150.25,0
66.66666667,0
62.5,0
54,0
47,0
62,0
255,0
317.25,0
233,0
277.5,0
88.5,0
72.75,0
68,0
57.25,0
63.66666667,0
50,0
54.5,0
68,0
71.5,0
69.75,0
84.66666667,0
81.5,0
90.5,0
99.75,0
226,0
161.25,0
178.6666667,0
241,0
214.75,0
293.5,0
290.5,0
290.6666667,0
288.5,0
295.5,0
194,0
261.75,0
243.3333333,0
247.5,0
256,0
192.75,0
252.5,0
287.6666667,0
279.75,0
253.3333333,0
273,0
272,0
273.3333333,0
265,0
265,0
265,0
265,0
265,0
262,0
259,0
257.25,0
256.75,0
247.25,0
175.6666667,0
250.75,0
255.5,0
252,0
260.3333333,0
174.5,0
97.75,0
252,0
215.5,0
164.5,0
97.66666667,0
237,0
153,0
231.5,0
82,0
90,0
89,0
115.25,0
96.4,0
127,0
169.25,0
205.5,0
202,0
156.75,0
209,0
211,0
133.3333333,0
197.25,0
147.5,0
171,0
152,0
77.5,0
74,0
123,0
151.5,0
182,0
199.75,0
201.5,0
179.5,0
195.25,0
157.3333333,0
141,0
183,0
186,0
186,0
136,0
85.5,0
77.5,0
128.75,0
178.3333333,0
154.25,0
140.5,0
130,0
64.25,0
113,0
152.3333333,0
145,0
151,0
152.5,0
142.25,0
134.5,0
149.25,0
115.75,0
142.3333333,0
130,0
145.25,0
157,0
106.25,0
82.33333333,0
72,0
95.75,0
112,0
110.25,0
85.75,0
59.5,0
115.25,0
74,0
74,0
81.66666667,0
63.5,0
86.25,0
63.33333333,0
59.5,0
65.8,0
81,0
69,0
108,0
57,0
68,0
73.25,0
98.66666667,0
59,0
54.33333333,0
100.25,0
100,0
67.5,0
59,0
72.33333333,0
70.33333333,0
69.75,0
85.33333333,0
79.75,0
76.75,0
85.66666667,0
59.25,0
62,0
48.5,0
48.5,0
59,0
60.75,0
44.33333333,0
64,0
44,0
54.5,0
46,0
49,0
63,0
52.75,0
55,0
56.5,0
62.5,0
57.75,0
58.33333333,0
69.25,0
58.75,0
60.75,0
53.5,0
60.75,0
62,0
52.25,0
46,0
53.66666667,0
47,0
50,0
40.5,0
34.66666667,0
35.25,0
33.5,0
44,0
44,0
55,0
46,0
44,0
44,0
47.66666667,0
40.5,0
51.5,0
36.66666667,0
37,0
37,0
37,0
37,0
37,0
37,0
37,0
37,0
28.66666667,0
28,0
30.75,0
19,0
23.5,0
33.5,0
26.25,0
38.33333333,0
33.5,0
33.5,0
33.5,0
33.5,0
38.33333333,0
33.5,0
38.33333333,0
40.75,0
36.66666667,0
34.4,0
36.66666667,0
39.5,0
39.5,0
39.5,0
31,0
31,0
31,0
31,0
31,0
31,0
31,0
31,0
31,0
31,0
31,0
31,0
31,0
31,0
31,0
31,0
22,0
17.5,0
13,0
13,0
13,0
26.5,0
33.25,0
26.5,0
31,0
23.8,0
31,0
26.5,0
31,0
22.5,0
18.5,0
29.33333333,0
24,0
24,0
24,0
24,0
24,0
24,0
24,0
24,0
24,0
24,0
24,0
24,0
10.5,0
6,0
6,0
6,0
6,0
6,0
6,0
6,0
6,0
6,0
6,0
6,0
6,0
6,0
11.5,0
20.66666667,0
17,0
17,0
20.66666667,0
17,0
17,0
17,0
17,0
20.66666667,0
17,0
10,0
11.33333333,0
8.5,0
7,0
7,0
7,0
9.333333333,0
14,0
14,0
14,0
14,0
14,0
14,0
14,0
14,0
14,0
14,0
14,0
14,0
9.333333333,0
4.666666667,0
0,0
0,0
0,0
0,0
0,0
0,0
0,0
0,0
0,0
0,0
0,0
0,0
0,0
0,0
0,0
0,0
0,0
0,0
0,0
0,0
0,0
0,0
0,0
0,0
0,0
0,0
0,0
0,0
0,0
0,0
0,0
0,0
0,0
0,0
0,0
0,0
0,0
0,0
0,0
0,0
0,0
0,0
0,0
0,0
0,0
0,0
0,0
0,0
0,0
0,0
0,0
0,0
0,0
0,0
0,0
0,0
0,0
0,0
0,0
0,0
0,0
0,0
0,0
0,0
0,0
0,0
0,0
0,0
0,0
0,0
0,0
0,0
0,0
0,0
0,0
0,0
0,0
0,0
0,0
0,0
0,0
0,0
0,0
0,0
0,0
0,0
0,0
0,0
0,0
0,0
0,0
0,0
0,0
0,0
0,0
0,0
0,0
0,0
0,0
0,0
0,0
0,0
0,0
0,0
0,0
0,0
0,0
0,0
0,0
0,0
0,0
0,0
0,0
0,0
0,0
0,0
0,0
0,0
0,0
0,0
0,0
0,0
0,0
0,0
0,0
0,0
0,0
0,0
0,0
0,0
0,0
0,0
0,0
0,0
0,0
0,0
0,0
0,0
0,0
0,0
0,0
0,0
0,0
0,0
0,0
0,0
0,0
0,0
0,0
0,0
0,0
0,0
0,0
0,0
0,0
0,0
0,0
0,0
0,0
0,0
0,0
0,0
0,0
0,0
0,0
0,0
0,0
0,0
0,0
0,0
0,0
0,0
0,0
0,0
0,0
0,0
0,0
0,0
0,0
0,0
0,0
0,0
0,0
0,0
0,0
0,0
0,0
0,0
0,0
0,0
0,0
0,0
0,0
0,0
0,0
0,0
0,0
0,0
0,0
0,0
0,0
0,0
0,0
0,0
0,0
0,0
0,0
0,0
0,0
0,0
0,0
0,0
0,0
0,0
0,0
0,0
0,0
0,0
0,0
0,0
0,0
0,0
0,0
0,0
0,0
0,0
0,0
0,0
0,0
0,0
0,0
0,0
0,0
0,0
0,0
0,0
0,0
0,0
0,0
0,0
0,0
0,0
0,0
0,0
0,0
0,0
0,0
0,0
0,0
0,0
0,0
0,0
0,0
0,0
0,0
0,0
0,0
0,0
0,0
0,0
0,0
0,0
0,0
0,0
0,0
0,0
0,0
0,0
0,0
0,0
0,0
0,0
0,0
0,0
0,0
0,0
0,0
0,0
0,0
0,0
0,0
0,0
0,0
0,0
0,0
0,0
0,0
0,0
0,0
0,0
0,0
0,0
0,0
0,0
0,0
0,0
0,0
0,0
0,0
0,0
0,0
0,0
0,0
0,0
0,0
0,0
0,0
0,0
0,0
0,0
0,0
0,0
0,0
0,0
0,0
0,0
0,0
0,0
0,0
0,0
0,0
0,0
0,0
0,0
0,0
0,0
0,0
0,0
0,0
0,0
0,0
0,0
0,0
0,0
0,0
0,0
0,0
0,0
0,0
0,0
0,0
0,0
0,0
0,0
0,0
0,0
0,0
0,0
0,0
0,0
0,0
0,0
0,0
0,0
0,0
0,0
0,0
0,0
0,0
0,0
0,0
0,0
0,0
0,0
0,0
0,0
0,0
0,0
0,0
0,0
0,0
0,0
0,0
0,0
0,0
0,0
0,0
0,0
0,0
0,0
0,0
0,0
0,0
0,0
0,0
0,0
0,0
0,0
0,0
0,0
0,0
0,0
0,0
0,0
0,0
0,0
0,0
0,0
0,0
0,0
0,0
0,0
0,0
0,0
0,0
0,0
0,0
0,0
0,0
0,0
0,0
0,0
0,0
0,0
0,0
0,0
0,0
0,0
0,0
0,0
0,0
0,0
0,0
0,0
0,0
0,0
0,0
0,0
0,0
0,0
0,0
0,0
0,0
0,0
0,0
0,0
0,0
0,0
0,0
0,0
0,0
0,0
0,0
0,0
0,0
0,0
0,0
0,0
0,0
0,0
0,0
0,0
0,0
0,0
0,0
0,0
0,0
0,0
0,0
0,0
0,0
0,0
0,0
0,0
0,0
0,0
0,0
0,0
0,0
0,0
0,0
0,0
0,0
0,0
0,0
0,0
0,0
0,0
0,0
0,0
0,0
0,0
0,0
0,0
0,0
0,0
0,0
0,0
0,0
0,0
0,0
0,0
0,0
0,0
0,0
0,0
0,0
0,0
0,0
0,0
0,0
0,0
0,0
0,0
0,0
0,0
0,0
0,0
0,0
0,0
0,0
0,0
0,0
0,0
0,0
0,0
0,0
0,0
0,0
0,0
0,0
0,0
0,0
0,0
0,0
0,0
0,0
0,0
0,0
0,0
0,0
0,0
0,0
0,0
0,0
0,0
0,0
0,0
0,0
0,0
0,0
0,0
0,0
0,0
0,0
0,0
0,0
0,0
0,0
0,0
0,0
0,0
0,0
0,0
0,0
0,0
0,0
0,0
0,0
0,0
0,0
0,0
0,0
0,0
0,0
0,0
0,0
0,0
0,0
0,0
0,0
0,0
0,0
0,0
0,0
0,0
0,0
0,0
0,0
0,0
0,0
0,0
0,0
0,0
0,0
0,0
0,0
0,0
0,0
0,0
0,0
0,0
0,0
0,0
0,0
0,0
0,0
0,0
0,0
0,0
0,0
0,0
0,0
0,0
0,0
0,0
0,0
0,0
0,0
0,0
0,0
0,0
0,0
0,0
0,0
0,0
0,0
0,0
0,0
0,0
0,0
0,0
0,0
0,0
0,0
0,0
0,0
0,0
0,0
0,0
0,0
0,0
0,0
0,0
0,0
0,0
0,0
0,0
0,0
0,0
0,0
0,0
0,0
0,0
0,0
0,0
0,0
0,0
0,0
0,0
0,0
0,0
0,0
0,0
0,0
0,0
0,0
0,0
0,0
0,0
0,0
0,0
0,0
0,0
0,0
0,0
0,0
0,0
0,0
0,0
0,0
0,0
0,0
0,0
0,0
0,0
0,0
0,0
0,0
0,0
0,0
0,0
0,0
0,0
0,0
0,0
0,0
0,0
0,0
0,0
0,0
0,0
0,0
0,0
0,0
0,0
0,0
0,0
0,0
0,0
0,0
0,0
0,0
0,0
0,0
0,0
0,0
0,0
0,0
0,0
0,0
0,0
0,0
0,0
0,0
0,0
0,0
0,0
0,0
0,0
0,0
0,0
0,0
0,0
0,0
0,0
0,0
0,0
0,0
0,0
0,0
0,0
0,0
0,0
0,0
0,0
0,0
0,0
0,0
0,0
0,0
0,0
0,0
0,0
0,0
0,0
0,0
0,0
0,0
0,0
0,0
0,0
0,0
0,0
0,0
0,0
0,0
0,0
0,0
0,0
0,0
0,0
0,0
0,0
0,0
0,0
0,0
0,0
0,0
0,0
0,0
0,0
0,0
0,0
0,0
0,0
0,0
0,0
0,0
0,0
0,0
0,0
0,0
0,0
0,0
0,0
0,0
0,0
0,0
0,0
0,0
0,0
0,0
0,0
0,0
0,0
0,0
0,0
0,0
0,0
0,0
0,0
0,0
0,0
0,0
0,0
0,0
0,0
0,0
0,0
0,0
0,0
0,0
0,0
0,0
0,0
0,0
0,0
0,0
0,0
0,0
0,0
0,0
0,0
0,0
0,0
0,0
0,0
0,0
0,0
0,0
0,0
0,0
0,0
0,0
0,0
0,0
0,0
0,0
0,0
0,0
0,0
0,0
0,0
0,0
0,0
0,0
0,0
0,0
0,0
0,0
0,0
0,0
0,0
0,0
0,0
0,0
0,0
0,0
0,0
0,0
0,0
0,0
0,0
0,0
0,0
0,0
0,0
0,0
0,0
0,0
0,0
0,0
0,0
0,0
0,0
0,0
0,0
0,0
0,0
0,0
0,0
0,0
0,0
0,0
0,0
0,0
0,0
0,0
0,0
0,0
0,0
0,0
0,0
0,0
0,0
0,0
0,0
0,0
0,0
0,0
0,0
0,0
0,0
0,0
289.75,1
440,1
412,1
397,0
392.5,0
393.6666667,0
397,1
405,1
405,1
405,1
399.6666667,1
393,1
393.6666667,1
389,1
393.6666667,1
389,1
392.5,1
393.6666667,1
392.5,1
389,1
389,1
389,1
389,1
393,1
399.6666667,1
397,1
405,1
405,1
405,1
405,1
405,1
405,1
406.75,1
408.5,1
419,1
419,1
419,1
419,1
419,1
419,1
419,1
422.5,1
422.5,1
433,1
433,1
433,1
433,1
433,1
433,1
433,1
433,1
433,1
433,1
433,1
433,1
433,1
433,1
433,1
447,1
437.6666667,1
442.5,1
447,1
440,1
442.3333333,1
447,1
441,1
442.5,1
438,1
447,1
438,1
447,1
438,1
447,1
438,1
438,1
438,1
438,1
438,1
441,1
438,1
442.5,1
438,1
438,1
438,1
438,1
438,1
441.75,1
432.75,1
429,1
433.5,1
429,1
438,1
441,1
438,1
438,1
429,1
435,1
441,1
441,1
434,1
444,1
440.25,1
439,1
444,1
432.75,1
444,1
439,1
437.25,1
432.75,1
439,1
444,1
429,1
441,1
436.5,1
440.25,1
444,1
444,1
446.75,1
454,1
469,1
469,1
465.25,1
454,1
454,1
454,1
454,1
454,1
454,1
454,1
454,1
454,1
454,1
454,1
454,1
454,1
454,1
454,1
454,1
464.5,1
458,1
458,1
449.5,1
464.5,1
465.25,1
471.75,1
474.5,1
474.5,1
464,1
464,1
469,1
479,1
479,1
479,1
480.6666667,1
496.5,1
496.5,1
504,1
495.25,1
489,1
489,1
489,1
500.25,1
492.3333333,1
485.25,1
481.5,1
471.5,1
464,1
464,1
464,1
464,1
475.25,1
479,1
479,1
479,1
479,1
479,1
479,1
479,1
474,1
475.25,1
479,1
469,1
471.5,1
464,1
464,1
464,1
464,1
478,1
474.5,1
478,1
469.25,1
464,1
464,1
464,1
464,1
464,1
464,1
464,1
464,1
467.75,1
456.5,1
464,1
464,1
464,1
464,1
475.25,1
479,1
479,1
479,1
474,1
479,1
479,1
471.5,1
464,1
474.5,1
462.75,1
469,1
461.5,1
454,1
454,1
460.75,1
464.5,1
463,1
460.75,1
468,1
464.5,1
464.5,1
454,1
454,1
454,1
454,1
454,1
454,1
454,1
469,1
471.75,1
467.75,1
481.5,1
482.75,1
489,1
496.5,1
499,1
499,1
514,1
514,1
510.6666667,1
514,1
510.25,1
499,1
496.5,1
504,1
489,1
480.6666667,1
486.5,1
479,1
475.25,1
464,1
464,1
464,1
469.25,1
474.5,1
474.5,1
471,1
466.75,1
469,1
469,1
31,1
31,0
31,0
26.5,0
13,0
13,0
13,0
13,0
26.5,0
26.5,0
22,0
13,0
13,0
13,0
13,0
13,0
13,0
13,0
13,0
13,0
13,0
13,0
13,0
167,0
365.75,1
454,1
454,1
454,1
454,1
454,1
454,1
454,1
454,1
454,1
461.5,1
469,1
469,1
469,1
469,1
467.3333333,1
474.5,1
478,1
474.5,1
478,1
464,1
469.25,1
474.5,1
474.5,1
472.6666667,1
474.5,1
451.5,1
459,1
459,1
466.5,1
469.25,1
464,1
475.25,1
484,1
482.75,1
484,1
484,1
474,1
479,1
489,1
489,1
489,1
489,1
489,1
479,1
477.75,1
487.3333333,1
484,1
479,1
489,1
484,1
474,1
465.6666667,1
476.5,1
479,1
474,1
480.6666667,1
477.75,1
489,1
474,1
489,1
472.75,1
472.3333333,1
479,1
474,1
464,1
464,1
474.5,1
464,1
464,1
464,1
464,1
464,1
474.5,1
470.75,1
467.3333333,1
466.75,1
466.5,1
469,1
465.25,1
454,1
457,1
464,1
457.75,1
454,1
454,1
455.5,1
453.25,1
449.5,1
453,1
449.5,1
449.5,1
453,1
460,1
456,1
456,1
444,1
444,1
444,1
444,1
444,1
444,1
444,1
444,1
440.25,1
444,1
444,1
444,1
444,1
444,1
444,1
439,1
444,1
444,1
444,1
444,1
444,1
444,1
444,1
444,1
432.75,1
434,1
440.25,1
444,1
439,1
440.25,1
440.25,1
444,1
439,1
439,1
444,1
444,1
444,1
444,1
444,1
444,1
444,1
444,1
444,1
444,1
444,1
444,1
444,1
444,1
439,1
444,1
432.75,1
429,1
441,1
438,1
438,1
441,1
438,1
438,1
438,1
438,1
441,1
438,1
438,1
438,1
438,1
441,1
438,1
438,1
441,1
438,1
438,1
438,1
438,1
438,1
438,1
438,1
441,1
442.5,1
447,1
443.5,1
447,1
447,1
447,1
447,1
447,1
447,1
447,1
447,1
447,1
447,1
447,1
447,1
442.3333333,1
436.5,1
436.5,1
436.5,1
433,1
433,1
433,1
433,1
433,1
433,1
433,1
433,1
433,1
433,1
433,1
433,1
433,1
433,1
433,1
433,1
433,1
433,1
433,1
433,1
433,1
433,1
433,1
433,1
433,1
433,1
433,1
433,1
433,1
433,1
433,1
433,1
433,1
433,1
433,1
433,1
433,1
433,1
433,1
433,1
426,1
413.6666667,1
328,1
397,1
403.6666667,1
419,1
419,1
419,1
433,1
433,1
433,1
429.5,1
433,1
433,1
433,1
433,1
433,1
433,1
433,1
433,1
430.6666667,1
428.3333333,1
433,1
429.5,1
433,1
433,1
423.6666667,1
429.5,1
429.5,1
433,1
426,1
428.3333333,1
429.5,1
433,1
426,1
426,1
423.6666667,1
209.5,1
0,0
0,0
0,0
0,0
0,0
0,0
0,0
0,0
0,0
0,0
0,0
0,0
0,0
0,0
0,0
0,0
0,0
0,0
0,0
0,0
0,0
0,0
0,0
0,0
0,0
0,0
0,0
0,0
0,0
0,0
0,0
0,0
0,0
0,0
0,0
0,0
0,0
0,0
0,0
0,0
0,0
0,0
0,0
0,0
0,0
0,0
0,0
0,0
0,0
0,0
0,0
0,0
0,0
0,0
0,0
0,0
0,0
0,0
0,0
0,0
0,0
0,0
0,0
0,0
0,0
0,0
0,0
0,0
0,0
0,0
0,0
0,0
0,0
0,0
0,0
0,0
0,0
0,0
0,0
0,0
0,0
0,0
0,0
0,0
0,0
0,0
0,0
0,0
0,0
0,0
0,0
0,0
0,0
0,0
0,0
0,0
0,0
0,0
0,0
0,0
0,0
0,0
0,0
0,0
0,0
0,0
0,0
0,0
0,0
0,0
0,0
0,0
0,0
0,0
0,0
0,0
0,0
0,0
0,0
0,0
0,0
0,0
0,0
0,0
0,0
0,0
0,0
0,0
0,0
0,0
0,0
0,0
0,0
0,0
0,0
0,0
0,0
0,0
0,0
0,0
0,0
0,0
0,0
0,0
0,0
0,0
0,0
0,0
0,0
0,0
0,0
0,0
0,0
0,0
0,0
0,0
0,0
0,0
0,0
0,0
0,0
0,0
0,0
0,0
0,0
0,0
0,0
0,0
0,0
0,0
0,0
0,0
0,0
0,0
0,0
0,0
0,0
0,0
0,0
0,0
0,0
0,0
0,0
0,0
0,0
0,0
0,0
0,0
0,0
0,0
0,0
0,0
0,0
0,0
0,0
0,0
0,0
0,0
0,0
0,0
0,0
0,0
0,0
0,0
0,0
0,0
0,0
0,0
0,0
0,0
0,0
0,0
0,0
0,0
0,0
0,0
0,0
0,0
0,0
0,0
0,0
0,0
0,0
0,0
0,0
0,0
0,0
0,0
0,0
0,0
0,0
0,0
0,0
0,0
0,0
0,0
0,0
0,0
0,0
0,0
0,0
0,0
0,0
0,0
0,0
0,0
0,0
0,0
0,0
0,0
0,0
0,0
0,0
0,0
0,0
0,0
0,0
0,0
0,0
0,0
0,0
0,0
0,0
0,0
0,0
0,0
0,0
0,0
0,0
0,0
0,0
0,0
0,0
0,0
0,0
0,0
0,0
0,0
0,0
0,0
0,0
0,0
0,0
0,0
0,0
0,0
0,0
0,0
0,0
0,0
0,0
0,0
0,0
0,0
0,0
0,0
0,0
0,0
0,0
0,0
0,0
0,0
0,0
0,0
0,0
0,0
0,0
0,0
0,0
0,0
0,0
0,0
0,0
0,0
0,0
0,0
0,0
0,0
0,0
0,0
0,0
0,0
0,0
0,0
0,0
0,0
0,0
0,0
0,0
0,0
0,0
0,0
0,0
0,0
0,0
0,0
0,0
0,0
0,0
0,0
0,0
0,0
0,0
0,0
0,0
0,0
0,0
0,0
0,0
0,0
0,0
0,0
0,0
0,0
0,0
0,0
0,0
0,0
0,0
0,0
0,0
0,0
0,0
0,0
0,0
0,0
0,0
0,0
0,0
0,0
0,0
0,0
0,0
0,0
0,0
0,0
0,0
0,0
0,0
0,0
0,0
0,0
0,0
0,0
0,0
0,0
0,0
0,0
0,0
0,0
0,0
0,0
0,0
0,0
0,0
0,0
0,0
0,0
0,0
0,0
0,0
0,0
0,0
0,0
0,0
0,0
0,0
0,0
0,0
0,0
0,0
0,0
0,0
0,0
0,0
0,0
0,0
0,0
0,0
0,0
0,0
0,0
0,0
0,0
0,0
0,0
0,0
0,0
0,0
0,0
0,0
0,0
0,0
0,0
0,0
0,0
0,0
0,0
0,0
0,0
0,0
0,0
0,0
0,0
0,0
0,0
0,0
0,0
0,0
0,0
0,0
0,0
0,0
0,0
0,0
0,0
0,0
0,0
0,0
0,0
0,0
0,0
0,0
0,0
0,0
0,0
0,0
0,0
0,0
0,0
0,0
0,0
0,0
0,0
0,0
0,0
0,0
0,0
0,0
0,0
0,0
0,0
0,0
0,0
0,0
0,0
0,0
0,0
0,0
0,0
0,0
0,0
0,0
0,0
0,0
0,0
0,0
0,0
0,0
0,0
0,0
0,0
0,0
0,0
0,0
0,0
0,0
0,0
0,0
0,0
0,0
0,0
0,0
0,0
0,0
0,0
0,0
0,0
0,0
0,0
0,0
0,0
0,0
0,0
0,0
0,0
0,0
0,0
0,0
0,0
0,0
0,0
0,0
0,0
0,0
0,0
0,0
0,0
0,0
0,0
0,0
0,0
0,0
0,0
0,0
0,0
0,0
0,0
0,0
0,0
0,0
0,0
0,0
0,0
0,0
0,0
0,0
0,0
0,0
0,0
0,0
0,0
0,0
0,0
0,0
0,0
0,0
0,0
0,0
0,0
0,0
0,0
0,0
0,0
0,0
0,0
0,0
0,0
0,0
0,0
0,0
0,0
0,0
0,0
0,0
0,0
0,0
0,0
0,0
0,0
0,0
0,0
0,0
0,0
0,0
0,0
0,0
0,0
0,0
0,0
0,0
0,0
0,0
0,0
0,0
0,0
0,0
0,0
0,0
0,0
0,0
0,0
0,0
0,0
0,0
0,0
0,0
0,0
0,0
0,0
0,0
0,0
0,0
0,0
0,0
0,0
0,0
0,0
0,0
0,0
0,0
0,0
0,0
0,0
0,0
0,0
0,0
0,0
0,0
0,0
0,0
0,0
0,0
0,0
0,0
0,0
0,0
0,0
0,0
0,0
0,0
0,0
0,0
0,0
0,0
0,0
0,0
0,0
0,0
0,0
0,0
0,0
0,0
0,0
0,0
0,0
0,0
0,0
0,0
0,0
0,0
0,0
0,0
0,0
0,0
0,0
0,0
0,0
0,0
0,0
0,0
0,0
0,0
0,0
0,0
0,0
0,0
0,0
0,0
0,0
0,0
0,0
0,0
0,0
0,0
0,0
0,0
0,0
0,0
0,0
0,0
0,0
0,0
0,0
0,0
0,0
0,0
0,0
0,0
0,0
0,0
0,0
0,0
0,0
0,0
0,0
0,0
0,0
0,0
0,0
0,0
0,0
0,0
0,0
0,0
0,0
0,0
0,0
0,0
0,0
0,0
0,0
0,0
0,0
0,0
0,0
0,0
0,0
0,0
0,0
0,0
0,0
0,0
0,0
0,0
0,0
0,0
0,0
0,0
0,0
0,0
0,0
0,0
0,0
0,0
0,0
0,0
0,0
0,0
0,0
0,0
0,0
0,0
0,0
0,0
0,0
0,0
0,0
0,0
0,0
0,0
0,0
0,0
0,0
0,0
0,0
0,0
0,0
0,0
0,0
0,0
0,0
0,0
0,0
0,0
0,0
0,0
0,0
0,0
0,0
0,0
0,0
0,0
0,0
0,0
0,0
0,0
0,0
0,0
0,0
0,0
0,0
0,0
0,0
0,0
0,0
0,0
0,0
0,0
0,0
0,0
0,0
0,0
0,0
0,0
0,0
0,0
0,0
0,0
0,0
0,0
0,0
0,0
0,0
0,0
0,0
0,0
0,0
0,0
0,0
0,0
0,0
0,0
0,0
0,0
0,0
0,0
0,0
0,0
0,0
0,0
0,0
0,0
0,0
0,0
0,0
0,0
0,0
0,0
0,0
0,0
0,0
0,0
0,0
0,0
0,0
0,0
0,0
0,0
0,0
0,0
0,0
0,0
0,0
0,0
0,0
0,0
0,0
0,0
0,0
0,0
0,0
232,0
419,1
433,1
426,0
419,0
419,1
419,1
419,1
409.6666667,1
405,1
405,1
408,1
413,1
404.5,1
407.5,1
405,1
408,1
405,1
405,1
405,1
405,1
412,1
419,1
419,1
419,1
419,1
419,1
419,1
419,1
419,1
419,1
426,1
422.5,1
426,1
433,1
433,1
433,1
433,1
433,1
433,1
433,1
433,1
433,1
433,1
433,1
433,1
433,1
433,1
433,1
433,1
433,1
433,1
433,1
433,1
433,1
433,1
447,1
